epoch,time,train/box_loss,train/cls_loss,train/dfl_loss,metrics/precision(B),metrics/recall(B),metrics/mAP50(B),metrics/mAP50-95(B),val/box_loss,val/cls_loss,val/dfl_loss,lr/pg0,lr/pg1,lr/pg2
1,16.6903,1.24861,2.88709,1.23349,0.006,1,0.58349,0.46587,0.94724,2.86685,1.0234,0.00036,0.00036,0.00036
2,32.8857,0.91294,1.21856,1.00643,1,0.16171,0.7923,0.59038,0.99587,2.61862,1.01078,0.000737558,0.000737558,0.000737558
3,49.1784,0.82435,0.94201,0.95362,1,0.88749,0.99344,0.79508,0.77618,1.77173,0.87493,0.00111261,0.00111261,0.00111261
4,65.2191,0.80317,0.8233,0.93528,1,0.92409,0.99391,0.79489,0.73357,1.69744,0.88901,0.00148515,0.00148515,0.00148515
5,81.1932,0.77512,0.76876,0.90346,0.98983,0.97375,0.99287,0.80157,0.85443,0.9771,0.91824,0.00185518,0.00185518,0.00185518
6,97.2083,0.75399,0.75842,0.91772,0.88869,0.93,0.97541,0.80499,0.69691,1.00617,0.8916,0.001967,0.001967,0.001967
7,113.145,0.73447,0.69191,0.9163,0.92098,0.89,0.97841,0.8217,0.65577,0.82466,0.87099,0.0019604,0.0019604,0.0019604
8,129.165,0.74049,0.66819,0.91613,0.99744,0.98,0.9948,0.86691,0.58595,0.63795,0.8637,0.0019538,0.0019538,0.0019538
9,145.1,0.72385,0.64225,0.91128,0.99801,1,0.995,0.85992,0.639,0.61539,0.87514,0.0019472,0.0019472,0.0019472
10,161.181,0.68332,0.6067,0.90779,0.99184,1,0.995,0.84872,0.63455,0.57531,0.86827,0.0019406,0.0019406,0.0019406
11,177.35,0.72428,0.58103,0.92097,1,0.99902,0.995,0.86244,0.62631,0.56932,0.86232,0.001934,0.001934,0.001934
12,193.819,0.71336,0.57132,0.90278,0.99933,1,0.995,0.87326,0.57368,0.56701,0.84862,0.0019274,0.0019274,0.0019274
13,209.974,0.65423,0.52191,0.88779,0.99915,1,0.995,0.86528,0.54762,0.47912,0.84025,0.0019208,0.0019208,0.0019208
14,226.17,0.63695,0.51577,0.88972,0.99922,1,0.995,0.88781,0.51945,0.491,0.84354,0.0019142,0.0019142,0.0019142
15,242.161,0.62325,0.5137,0.88896,0.99946,1,0.995,0.85292,0.55172,0.46388,0.83849,0.0019076,0.0019076,0.0019076
16,258.223,0.63287,0.49083,0.88818,0.99948,1,0.995,0.87095,0.55515,0.42372,0.84636,0.001901,0.001901,0.001901
17,274.182,0.62949,0.49337,0.89246,0.99933,1,0.995,0.88302,0.5185,0.41371,0.84176,0.0018944,0.0018944,0.0018944
18,290.177,0.62368,0.46307,0.89217,0.99901,1,0.995,0.88549,0.51456,0.41542,0.84274,0.0018878,0.0018878,0.0018878
19,306.073,0.58915,0.45087,0.87251,0.99916,1,0.995,0.88887,0.51701,0.39908,0.84391,0.0018812,0.0018812,0.0018812
20,322.136,0.58326,0.46207,0.86728,0.99888,1,0.995,0.89301,0.53096,0.43527,0.84977,0.0018746,0.0018746,0.0018746
21,338.2,0.61542,0.46775,0.87669,0.99931,1,0.995,0.89807,0.51497,0.39966,0.84407,0.001868,0.001868,0.001868
22,354.201,0.61509,0.45017,0.89745,0.9993,1,0.995,0.8837,0.53428,0.40909,0.85185,0.0018614,0.0018614,0.0018614
23,370.194,0.59045,0.43585,0.87582,0.99936,1,0.995,0.87588,0.5762,0.40864,0.85421,0.0018548,0.0018548,0.0018548
24,386.247,0.63031,0.45235,0.88929,0.99935,1,0.995,0.87928,0.54347,0.38759,0.85872,0.0018482,0.0018482,0.0018482
25,402.065,0.58238,0.43623,0.8617,0.99797,1,0.995,0.88143,0.50597,0.39545,0.84226,0.0018416,0.0018416,0.0018416
26,417.971,0.56564,0.41795,0.86127,0.99884,1,0.995,0.86708,0.52229,0.39712,0.84921,0.001835,0.001835,0.001835
27,433.943,0.57286,0.41406,0.87074,0.99935,1,0.995,0.87737,0.53183,0.36624,0.85927,0.0018284,0.0018284,0.0018284
28,449.984,0.58877,0.41973,0.86808,0.99944,1,0.995,0.8801,0.54036,0.37783,0.84351,0.0018218,0.0018218,0.0018218
29,465.936,0.56581,0.41165,0.87964,0.99903,1,0.995,0.89549,0.50775,0.38322,0.84195,0.0018152,0.0018152,0.0018152
30,481.808,0.5643,0.40603,0.87333,0.99939,1,0.995,0.8932,0.45659,0.35197,0.83237,0.0018086,0.0018086,0.0018086
31,497.79,0.57467,0.41537,0.87057,0.99939,1,0.995,0.88469,0.47001,0.34496,0.83319,0.001802,0.001802,0.001802
32,513.653,0.56753,0.39223,0.86719,0.99923,1,0.995,0.90068,0.48965,0.36609,0.83695,0.0017954,0.0017954,0.0017954
33,529.503,0.54851,0.39465,0.86689,0.9991,1,0.995,0.8911,0.48748,0.35588,0.83762,0.0017888,0.0017888,0.0017888
34,545.471,0.56383,0.39669,0.86929,0.99928,1,0.995,0.90742,0.47899,0.35254,0.8327,0.0017822,0.0017822,0.0017822
35,561.466,0.56318,0.39465,0.86751,0.99936,1,0.995,0.90346,0.47576,0.34855,0.83559,0.0017756,0.0017756,0.0017756
36,577.466,0.56191,0.39184,0.87151,0.99924,1,0.995,0.90995,0.46162,0.33575,0.83335,0.001769,0.001769,0.001769
37,593.447,0.53831,0.37872,0.85985,0.99921,1,0.995,0.91292,0.45204,0.32325,0.83916,0.0017624,0.0017624,0.0017624
38,609.43,0.54916,0.37849,0.86248,0.99926,1,0.995,0.90651,0.45181,0.34476,0.83539,0.0017558,0.0017558,0.0017558
39,625.491,0.55647,0.38433,0.86581,0.99909,1,0.995,0.90163,0.44604,0.31734,0.83195,0.0017492,0.0017492,0.0017492
40,641.291,0.58027,0.38834,0.86928,0.99889,1,0.995,0.89481,0.46311,0.32184,0.82868,0.0017426,0.0017426,0.0017426
41,657.191,0.57795,0.39691,0.87289,0.99889,1,0.995,0.89398,0.47281,0.34702,0.83152,0.001736,0.001736,0.001736
42,673.149,0.56623,0.37548,0.86606,0.99939,1,0.995,0.90455,0.47675,0.34081,0.84114,0.0017294,0.0017294,0.0017294
43,689.025,0.54097,0.37353,0.86264,0.99939,1,0.995,0.90161,0.46698,0.3344,0.83757,0.0017228,0.0017228,0.0017228
44,705.002,0.54787,0.38535,0.8781,0.99829,1,0.995,0.89962,0.44951,0.32301,0.8319,0.0017162,0.0017162,0.0017162
45,720.938,0.54724,0.37771,0.86291,0.99934,1,0.995,0.90805,0.46063,0.32766,0.8327,0.0017096,0.0017096,0.0017096
46,736.929,0.52596,0.3717,0.8526,0.99845,1,0.995,0.90089,0.47509,0.32947,0.83301,0.001703,0.001703,0.001703
47,752.803,0.53441,0.37638,0.86114,0.99943,1,0.995,0.90655,0.49331,0.33289,0.83303,0.0016964,0.0016964,0.0016964
48,768.839,0.54012,0.36268,0.85851,0.99945,1,0.995,0.88641,0.50568,0.32049,0.83601,0.0016898,0.0016898,0.0016898
49,784.768,0.55269,0.37452,0.86424,0.99941,1,0.995,0.91238,0.44901,0.30223,0.82775,0.0016832,0.0016832,0.0016832
50,800.737,0.53788,0.36044,0.86339,0.99943,1,0.995,0.91135,0.47118,0.31484,0.82886,0.0016766,0.0016766,0.0016766
51,816.663,0.57663,0.37901,0.89037,0.99936,1,0.995,0.90162,0.47914,0.32238,0.83728,0.00167,0.00167,0.00167
52,832.65,0.54189,0.3794,0.87012,0.99946,1,0.995,0.91198,0.47657,0.32441,0.83314,0.0016634,0.0016634,0.0016634
53,848.571,0.53762,0.36687,0.85961,0.99944,1,0.995,0.90478,0.454,0.31696,0.83061,0.0016568,0.0016568,0.0016568
54,864.522,0.54333,0.36617,0.8765,0.99939,1,0.995,0.8985,0.49478,0.3205,0.83399,0.0016502,0.0016502,0.0016502
55,880.494,0.52062,0.38246,0.8534,0.99759,1,0.995,0.88862,0.5182,0.3499,0.84282,0.0016436,0.0016436,0.0016436
56,896.489,0.52041,0.35368,0.8629,0.99775,1,0.995,0.89347,0.48765,0.33039,0.83977,0.001637,0.001637,0.001637
57,912.365,0.51096,0.34612,0.85598,0.99936,1,0.995,0.90205,0.46576,0.31552,0.833,0.0016304,0.0016304,0.0016304
58,928.27,0.49897,0.35597,0.84891,0.99939,1,0.995,0.90674,0.43886,0.31024,0.8254,0.0016238,0.0016238,0.0016238
59,944.225,0.51503,0.34803,0.8526,0.99944,1,0.995,0.91104,0.43791,0.30764,0.82616,0.0016172,0.0016172,0.0016172
60,960.242,0.53325,0.34838,0.87655,0.99936,1,0.995,0.90655,0.45759,0.31568,0.83221,0.0016106,0.0016106,0.0016106
61,976.042,0.54123,0.3512,0.86836,0.99941,1,0.995,0.90452,0.45029,0.29965,0.83184,0.001604,0.001604,0.001604
62,992.03,0.52528,0.3484,0.86931,0.99939,1,0.995,0.91402,0.44791,0.29058,0.833,0.0015974,0.0015974,0.0015974
63,1007.91,0.50344,0.34298,0.86254,0.99554,1,0.995,0.92299,0.44412,0.30188,0.82832,0.0015908,0.0015908,0.0015908
64,1023.8,0.50921,0.34413,0.84973,0.99155,1,0.995,0.91707,0.48295,0.33047,0.82784,0.0015842,0.0015842,0.0015842
65,1039.68,0.51712,0.34749,0.85369,0.99941,1,0.995,0.91608,0.46646,0.31062,0.82934,0.0015776,0.0015776,0.0015776
66,1055.49,0.51566,0.35023,0.86606,0.98974,1,0.995,0.90094,0.45753,0.31768,0.82613,0.001571,0.001571,0.001571
67,1071.43,0.50903,0.33538,0.84947,0.99933,1,0.995,0.89746,0.44403,0.28965,0.82375,0.0015644,0.0015644,0.0015644
68,1087.44,0.50671,0.3367,0.85224,0.99929,1,0.995,0.88638,0.45533,0.32975,0.82988,0.0015578,0.0015578,0.0015578
69,1103.29,0.49706,0.33394,0.85641,0.99942,1,0.995,0.89457,0.45703,0.30328,0.82806,0.0015512,0.0015512,0.0015512
70,1119.22,0.49268,0.32885,0.8651,0.99941,1,0.995,0.91061,0.43992,0.28576,0.82666,0.0015446,0.0015446,0.0015446
71,1135.22,0.49021,0.33175,0.8516,0.99943,1,0.995,0.91675,0.44671,0.30314,0.82787,0.001538,0.001538,0.001538
72,1151.12,0.50043,0.32819,0.85083,0.99941,1,0.995,0.91749,0.43085,0.30445,0.826,0.0015314,0.0015314,0.0015314
73,1167.02,0.46654,0.33392,0.83604,0.9967,1,0.995,0.91854,0.432,0.2856,0.82534,0.0015248,0.0015248,0.0015248
74,1182.94,0.49311,0.32792,0.85573,0.99941,1,0.995,0.91904,0.43888,0.29774,0.8291,0.0015182,0.0015182,0.0015182
75,1198.9,0.48248,0.3293,0.85695,0.99942,1,0.995,0.91067,0.45658,0.31345,0.83369,0.0015116,0.0015116,0.0015116
76,1214.77,0.49824,0.32842,0.86788,0.99942,1,0.995,0.9099,0.46506,0.31252,0.83872,0.001505,0.001505,0.001505
77,1230.68,0.52812,0.34477,0.87385,0.99933,1,0.995,0.90915,0.44977,0.30785,0.83882,0.0014984,0.0014984,0.0014984
78,1246.58,0.49033,0.32852,0.85566,0.99918,1,0.995,0.91703,0.41703,0.30651,0.83004,0.0014918,0.0014918,0.0014918
79,1262.54,0.51595,0.33667,0.86382,0.99939,1,0.995,0.92436,0.41198,0.31063,0.82932,0.0014852,0.0014852,0.0014852
80,1278.47,0.47784,0.32686,0.85543,0.99926,1,0.995,0.90836,0.44215,0.29664,0.83608,0.0014786,0.0014786,0.0014786
81,1294.31,0.47696,0.32623,0.85272,0.99941,1,0.995,0.90403,0.4481,0.28862,0.83652,0.001472,0.001472,0.001472
82,1310.2,0.48305,0.32432,0.86886,0.99944,1,0.995,0.91946,0.42896,0.28211,0.82593,0.0014654,0.0014654,0.0014654
83,1326.2,0.46972,0.31253,0.85332,0.9994,1,0.995,0.91211,0.46424,0.286,0.83029,0.0014588,0.0014588,0.0014588
84,1342.15,0.50753,0.3294,0.86661,0.99941,1,0.995,0.89935,0.46772,0.28505,0.82856,0.0014522,0.0014522,0.0014522
85,1357.97,0.52276,0.33744,0.85443,0.99921,1,0.995,0.90354,0.46989,0.30811,0.82887,0.0014456,0.0014456,0.0014456
86,1373.98,0.50275,0.33375,0.85645,0.99941,1,0.995,0.90096,0.46624,0.28852,0.82942,0.001439,0.001439,0.001439
87,1389.84,0.46902,0.31892,0.84888,0.99936,1,0.995,0.91917,0.43958,0.28528,0.82413,0.0014324,0.0014324,0.0014324
88,1405.8,0.46566,0.3158,0.84661,0.99939,1,0.995,0.91706,0.44298,0.28266,0.82466,0.0014258,0.0014258,0.0014258
89,1421.74,0.45437,0.30744,0.84846,0.99943,1,0.995,0.91211,0.43015,0.29186,0.82185,0.0014192,0.0014192,0.0014192
90,1437.73,0.48326,0.31701,0.86409,0.99945,1,0.995,0.92381,0.41844,0.27518,0.82217,0.0014126,0.0014126,0.0014126
91,1453.74,0.48848,0.32488,0.83645,0.9994,1,0.995,0.91216,0.41721,0.27761,0.82168,0.001406,0.001406,0.001406
92,1469.74,0.44614,0.2992,0.84825,0.99944,1,0.995,0.92347,0.41436,0.27897,0.81879,0.0013994,0.0013994,0.0013994
93,1485.68,0.48501,0.30889,0.85003,0.9994,1,0.995,0.91867,0.43994,0.28501,0.82251,0.0013928,0.0013928,0.0013928
94,1501.6,0.47701,0.31614,0.84208,0.99944,1,0.995,0.91854,0.42935,0.29299,0.82755,0.0013862,0.0013862,0.0013862
95,1517.55,0.47025,0.32086,0.85589,0.9994,1,0.995,0.91935,0.42451,0.26778,0.82519,0.0013796,0.0013796,0.0013796
96,1533.54,0.48266,0.32579,0.85925,0.99941,1,0.995,0.89506,0.43949,0.28242,0.83299,0.001373,0.001373,0.001373
97,1549.46,0.47166,0.30928,0.84336,0.99935,1,0.995,0.90798,0.43079,0.28451,0.82349,0.0013664,0.0013664,0.0013664
98,1565.44,0.48156,0.30213,0.84081,0.99932,1,0.995,0.92165,0.4217,0.29712,0.82183,0.0013598,0.0013598,0.0013598
99,1581.45,0.47414,0.31873,0.85804,0.99942,1,0.995,0.91668,0.40879,0.27486,0.82045,0.0013532,0.0013532,0.0013532
100,1597.49,0.48749,0.31725,0.84962,0.99946,1,0.995,0.92436,0.42081,0.2826,0.82239,0.0013466,0.0013466,0.0013466
101,1613.47,0.46997,0.30615,0.85678,0.99944,1,0.995,0.92156,0.40775,0.27715,0.82195,0.00134,0.00134,0.00134
102,1629.45,0.46149,0.30427,0.85987,0.99944,1,0.995,0.924,0.40593,0.27076,0.82028,0.0013334,0.0013334,0.0013334
103,1645.45,0.46685,0.30616,0.85804,0.99944,1,0.995,0.92211,0.40837,0.25691,0.81701,0.0013268,0.0013268,0.0013268
104,1661.49,0.47583,0.30308,0.85,0.99946,1,0.995,0.92127,0.43689,0.2762,0.82275,0.0013202,0.0013202,0.0013202
105,1677.39,0.4758,0.31479,0.85383,0.99945,1,0.995,0.91918,0.4225,0.2658,0.82167,0.0013136,0.0013136,0.0013136
106,1693.31,0.47163,0.30002,0.84848,0.99944,1,0.995,0.89902,0.44559,0.27821,0.83098,0.001307,0.001307,0.001307
107,1709.27,0.46351,0.29871,0.84073,0.99943,1,0.995,0.92242,0.41601,0.25853,0.82254,0.0013004,0.0013004,0.0013004
108,1725.27,0.46702,0.30031,0.84833,0.99942,1,0.995,0.92907,0.41305,0.27057,0.82247,0.0012938,0.0012938,0.0012938
109,1741.18,0.48866,0.30487,0.86651,0.99943,1,0.995,0.91472,0.43276,0.26535,0.8241,0.0012872,0.0012872,0.0012872
110,1757.09,0.45943,0.2966,0.85746,0.99943,1,0.995,0.914,0.42559,0.26819,0.82322,0.0012806,0.0012806,0.0012806
111,1773.07,0.46017,0.29872,0.84861,1,1,0.995,0.92582,0.42293,0.27551,0.82432,0.001274,0.001274,0.001274
112,1789.03,0.47202,0.30498,0.85854,0.99943,1,0.995,0.91612,0.44365,0.26958,0.82406,0.0012674,0.0012674,0.0012674
113,1804.89,0.45797,0.30101,0.84804,0.99944,1,0.995,0.91707,0.4063,0.2646,0.82067,0.0012608,0.0012608,0.0012608
114,1820.86,0.46877,0.2995,0.84318,0.99943,1,0.995,0.92503,0.42002,0.26278,0.81808,0.0012542,0.0012542,0.0012542
115,1836.76,0.48305,0.32324,0.84932,0.99942,1,0.995,0.91551,0.41811,0.28088,0.8209,0.0012476,0.0012476,0.0012476
116,1852.71,0.45688,0.30255,0.85735,0.99945,1,0.995,0.91731,0.41633,0.27066,0.82158,0.001241,0.001241,0.001241
117,1868.59,0.45673,0.29065,0.84108,1,1,0.995,0.9267,0.41328,0.26786,0.82054,0.0012344,0.0012344,0.0012344
118,1884.54,0.45139,0.30024,0.85264,0.99944,1,0.995,0.91119,0.44954,0.26928,0.82439,0.0012278,0.0012278,0.0012278
119,1900.58,0.4573,0.29488,0.841,0.99942,1,0.995,0.91728,0.42402,0.27809,0.82404,0.0012212,0.0012212,0.0012212
120,1916.67,0.45515,0.28704,0.85271,0.99943,1,0.995,0.90893,0.42322,0.28081,0.82313,0.0012146,0.0012146,0.0012146
121,1932.6,0.46787,0.30643,0.8449,0.99941,1,0.995,0.91602,0.41773,0.2889,0.82085,0.001208,0.001208,0.001208
122,1948.52,0.46931,0.30037,0.84515,0.99941,1,0.995,0.91101,0.44719,0.29925,0.82611,0.0012014,0.0012014,0.0012014
123,1964.53,0.46509,0.29664,0.85155,0.99943,1,0.995,0.91137,0.43308,0.27224,0.82766,0.0011948,0.0011948,0.0011948
124,1980.49,0.46846,0.29749,0.86083,0.99944,1,0.995,0.92084,0.42186,0.26438,0.82523,0.0011882,0.0011882,0.0011882
125,1996.41,0.46119,0.29767,0.85864,0.99942,1,0.995,0.90947,0.43374,0.26593,0.82189,0.0011816,0.0011816,0.0011816
126,2012.32,0.46332,0.30188,0.84179,0.99936,1,0.995,0.91939,0.42514,0.27349,0.81819,0.001175,0.001175,0.001175
127,2028.25,0.45383,0.29923,0.84513,0.99941,1,0.995,0.92216,0.43245,0.28202,0.82586,0.0011684,0.0011684,0.0011684
128,2044.17,0.45561,0.29401,0.84954,0.99944,1,0.995,0.91215,0.46013,0.28982,0.83042,0.0011618,0.0011618,0.0011618
129,2060.09,0.45683,0.29104,0.84284,0.99944,1,0.995,0.92087,0.42737,0.26741,0.82567,0.0011552,0.0011552,0.0011552
130,2075.95,0.45054,0.28666,0.83863,0.99944,1,0.995,0.91331,0.4131,0.26919,0.81997,0.0011486,0.0011486,0.0011486
131,2091.81,0.4249,0.28499,0.83875,0.99942,1,0.995,0.91616,0.43958,0.2809,0.82266,0.001142,0.001142,0.001142
132,2107.77,0.43356,0.27885,0.83461,0.99943,1,0.995,0.92749,0.40044,0.26024,0.81548,0.0011354,0.0011354,0.0011354
133,2123.56,0.45808,0.29007,0.85272,1,1,0.995,0.92503,0.40962,0.26087,0.81817,0.0011288,0.0011288,0.0011288
134,2139.49,0.43658,0.28668,0.8365,0.99944,1,0.995,0.9124,0.43489,0.27745,0.82275,0.0011222,0.0011222,0.0011222
135,2155.45,0.44012,0.28301,0.83376,0.99943,1,0.995,0.91965,0.41581,0.25196,0.8204,0.0011156,0.0011156,0.0011156
136,2171.37,0.44487,0.28717,0.84106,0.99944,1,0.995,0.91982,0.42025,0.26491,0.82016,0.001109,0.001109,0.001109
137,2187.25,0.43783,0.29022,0.83806,0.99945,1,0.995,0.92465,0.43707,0.26146,0.8214,0.0011024,0.0011024,0.0011024
138,2203.1,0.44939,0.29327,0.83535,0.99939,1,0.995,0.91769,0.42344,0.26109,0.81945,0.0010958,0.0010958,0.0010958
139,2219.05,0.4357,0.28374,0.847,0.9994,1,0.995,0.92486,0.41719,0.26084,0.82037,0.0010892,0.0010892,0.0010892
140,2235,0.43752,0.28928,0.84893,0.99942,1,0.995,0.91499,0.43042,0.26867,0.82025,0.0010826,0.0010826,0.0010826
141,2250.97,0.43909,0.28429,0.84473,0.99944,1,0.995,0.92612,0.4169,0.26114,0.81994,0.001076,0.001076,0.001076
142,2266.87,0.43792,0.28357,0.84817,0.99944,1,0.995,0.92817,0.41409,0.25753,0.81848,0.0010694,0.0010694,0.0010694
143,2282.77,0.44759,0.28406,0.84706,0.99944,1,0.995,0.92258,0.40666,0.25033,0.82292,0.0010628,0.0010628,0.0010628
144,2298.74,0.44783,0.28503,0.84688,0.99944,1,0.995,0.92352,0.40421,0.24258,0.8181,0.0010562,0.0010562,0.0010562
145,2314.7,0.44632,0.2835,0.85311,0.99943,1,0.995,0.91546,0.43891,0.25994,0.82404,0.0010496,0.0010496,0.0010496
146,2330.68,0.43441,0.28528,0.84612,0.99944,1,0.995,0.92031,0.42143,0.26711,0.82042,0.001043,0.001043,0.001043
147,2346.66,0.44032,0.27792,0.85144,0.99945,1,0.995,0.92104,0.42233,0.26055,0.82155,0.0010364,0.0010364,0.0010364
148,2362.58,0.42226,0.27312,0.84614,0.99944,1,0.995,0.92614,0.41678,0.25124,0.8201,0.0010298,0.0010298,0.0010298
149,2378.48,0.41413,0.27913,0.83172,0.99944,1,0.995,0.92477,0.41771,0.25262,0.8167,0.0010232,0.0010232,0.0010232
150,2394.43,0.41223,0.26919,0.84015,0.99944,1,0.995,0.92037,0.42155,0.25251,0.81704,0.0010166,0.0010166,0.0010166
151,2410.35,0.44204,0.27946,0.85177,0.99943,1,0.995,0.9184,0.4035,0.2483,0.8172,0.00101,0.00101,0.00101
152,2426.27,0.42703,0.27151,0.83627,0.99944,1,0.995,0.9206,0.39274,0.2389,0.8144,0.0010034,0.0010034,0.0010034
153,2442.02,0.45443,0.28721,0.849,0.99944,1,0.995,0.91674,0.42586,0.25462,0.81835,0.0009968,0.0009968,0.0009968
154,2458,0.44282,0.2778,0.8394,0.99944,1,0.995,0.92224,0.39941,0.2453,0.81835,0.0009902,0.0009902,0.0009902
155,2473.97,0.43881,0.27078,0.84269,0.99944,1,0.995,0.91222,0.42827,0.25491,0.821,0.0009836,0.0009836,0.0009836
156,2489.79,0.42387,0.26756,0.8414,0.99943,1,0.995,0.92188,0.39412,0.22761,0.81726,0.000977,0.000977,0.000977
157,2505.58,0.44993,0.28202,0.84633,0.9994,1,0.995,0.91394,0.42119,0.24224,0.82085,0.0009704,0.0009704,0.0009704
158,2521.52,0.43214,0.27511,0.8459,0.99945,1,0.995,0.91273,0.43528,0.25621,0.82216,0.0009638,0.0009638,0.0009638
159,2537.5,0.44004,0.28024,0.85262,0.99946,1,0.995,0.92169,0.42869,0.23625,0.82267,0.0009572,0.0009572,0.0009572
160,2553.49,0.43684,0.27549,0.85266,0.99945,1,0.995,0.90913,0.42059,0.23563,0.82185,0.0009506,0.0009506,0.0009506
161,2569.45,0.42683,0.26758,0.83597,0.99943,1,0.995,0.91996,0.43934,0.25084,0.82283,0.000944,0.000944,0.000944
162,2585.42,0.43347,0.26859,0.83663,0.99944,1,0.995,0.92133,0.41431,0.24663,0.81969,0.0009374,0.0009374,0.0009374
163,2601.31,0.40226,0.26057,0.83875,0.99944,1,0.995,0.91858,0.41252,0.24544,0.81818,0.0009308,0.0009308,0.0009308
164,2617.24,0.41797,0.2668,0.82806,0.99945,1,0.995,0.9168,0.42221,0.24093,0.81794,0.0009242,0.0009242,0.0009242
165,2633.17,0.43806,0.28268,0.84401,0.99945,1,0.995,0.9238,0.40608,0.2449,0.81812,0.0009176,0.0009176,0.0009176
166,2649.03,0.43201,0.26889,0.84172,0.99947,1,0.995,0.9244,0.40555,0.23974,0.81678,0.000911,0.000911,0.000911
167,2665.01,0.42568,0.26964,0.84429,0.99945,1,0.995,0.92801,0.41571,0.24316,0.81647,0.0009044,0.0009044,0.0009044
168,2680.91,0.42254,0.27012,0.84394,0.99945,1,0.995,0.9306,0.40336,0.23075,0.8156,0.0008978,0.0008978,0.0008978
169,2696.7,0.42494,0.26466,0.83922,0.99945,1,0.995,0.92794,0.41427,0.23988,0.81495,0.0008912,0.0008912,0.0008912
170,2712.72,0.41788,0.26376,0.83947,0.99942,1,0.995,0.92996,0.39988,0.23728,0.81771,0.0008846,0.0008846,0.0008846
171,2728.67,0.41322,0.26414,0.83818,0.9994,1,0.995,0.92718,0.3977,0.24463,0.81827,0.000878,0.000878,0.000878
172,2744.55,0.41363,0.26943,0.83902,0.99942,1,0.995,0.91661,0.4081,0.25222,0.81938,0.0008714,0.0008714,0.0008714
173,2760.39,0.42078,0.26107,0.83794,0.99944,1,0.995,0.92613,0.41132,0.24537,0.8171,0.0008648,0.0008648,0.0008648
174,2776.4,0.41937,0.27417,0.83173,0.99943,1,0.995,0.92441,0.40977,0.24832,0.81626,0.0008582,0.0008582,0.0008582
175,2792.25,0.42894,0.27033,0.83369,0.99945,1,0.995,0.92101,0.42551,0.25045,0.82027,0.0008516,0.0008516,0.0008516
176,2808.25,0.41247,0.26079,0.82816,0.99943,1,0.995,0.92535,0.41933,0.24259,0.81671,0.000845,0.000845,0.000845
177,2824.17,0.40586,0.26247,0.83542,0.99942,1,0.995,0.92138,0.40357,0.24674,0.81487,0.0008384,0.0008384,0.0008384
178,2840.1,0.40493,0.2598,0.82911,0.99923,1,0.995,0.92309,0.4157,0.24831,0.81659,0.0008318,0.0008318,0.0008318
179,2856.02,0.41628,0.2565,0.83296,0.99935,1,0.995,0.92358,0.41155,0.24278,0.81624,0.0008252,0.0008252,0.0008252
180,2872.03,0.41351,0.2667,0.84305,0.99944,1,0.995,0.91555,0.42799,0.24951,0.81867,0.0008186,0.0008186,0.0008186
181,2887.93,0.4136,0.25527,0.83518,1,1,0.995,0.932,0.40394,0.23983,0.8131,0.000812,0.000812,0.000812
182,2903.89,0.39853,0.25146,0.82834,1,1,0.995,0.92158,0.42581,0.23423,0.81613,0.0008054,0.0008054,0.0008054
183,2919.82,0.41075,0.25688,0.84148,1,1,0.995,0.92697,0.39975,0.23415,0.8127,0.0007988,0.0007988,0.0007988
184,2935.8,0.4036,0.25433,0.8413,1,1,0.995,0.92433,0.39093,0.22798,0.81289,0.0007922,0.0007922,0.0007922
185,2951.67,0.40201,0.25304,0.83043,0.99944,1,0.995,0.9262,0.39704,0.23459,0.81265,0.0007856,0.0007856,0.0007856
186,2967.61,0.40594,0.26073,0.83268,1,1,0.995,0.92262,0.40744,0.23559,0.81424,0.000779,0.000779,0.000779
187,2983.54,0.41219,0.25922,0.84276,0.99943,1,0.995,0.91562,0.41276,0.23178,0.81574,0.0007724,0.0007724,0.0007724
188,2999.53,0.41889,0.26043,0.84177,0.99943,1,0.995,0.92631,0.40471,0.23025,0.81366,0.0007658,0.0007658,0.0007658
189,3015.47,0.40507,0.25717,0.83176,0.99944,1,0.995,0.91821,0.41103,0.2407,0.81477,0.0007592,0.0007592,0.0007592
190,3031.45,0.40682,0.2571,0.83894,0.99945,1,0.995,0.9184,0.40172,0.23681,0.81423,0.0007526,0.0007526,0.0007526
191,3047.45,0.41975,0.26567,0.84029,0.99944,1,0.995,0.91698,0.41782,0.24193,0.81705,0.000746,0.000746,0.000746
192,3063.44,0.42247,0.26262,0.83873,0.99944,1,0.995,0.91974,0.42125,0.23717,0.81834,0.0007394,0.0007394,0.0007394
193,3079.45,0.41069,0.25456,0.8352,0.99944,1,0.995,0.91871,0.4122,0.2364,0.81657,0.0007328,0.0007328,0.0007328
194,3095.31,0.3989,0.2494,0.82711,0.99944,1,0.995,0.90985,0.43065,0.2401,0.81893,0.0007262,0.0007262,0.0007262
195,3111.23,0.39533,0.25652,0.8339,0.99943,1,0.995,0.91677,0.40762,0.22855,0.81834,0.0007196,0.0007196,0.0007196
196,3127.19,0.41757,0.25843,0.84625,0.99944,1,0.995,0.9141,0.41942,0.25142,0.82111,0.000713,0.000713,0.000713
197,3143.05,0.42255,0.26763,0.84974,0.99943,1,0.995,0.91792,0.40283,0.24118,0.81793,0.0007064,0.0007064,0.0007064
198,3159.04,0.41798,0.25679,0.83269,0.99943,1,0.995,0.91504,0.40753,0.24792,0.81681,0.0006998,0.0006998,0.0006998
199,3174.96,0.39542,0.24475,0.83364,0.99944,1,0.995,0.92176,0.40234,0.24092,0.81428,0.0006932,0.0006932,0.0006932
200,3190.99,0.40156,0.24647,0.83505,0.99944,1,0.995,0.91779,0.3955,0.24219,0.81288,0.0006866,0.0006866,0.0006866
201,3206.97,0.40059,0.25287,0.83203,0.99944,1,0.995,0.91854,0.41135,0.23815,0.81447,0.00068,0.00068,0.00068
202,3222.89,0.40017,0.24871,0.83055,0.99945,1,0.995,0.91951,0.39824,0.23604,0.81146,0.0006734,0.0006734,0.0006734
203,3238.84,0.40704,0.25168,0.83683,0.99945,1,0.995,0.91718,0.4282,0.24006,0.81664,0.0006668,0.0006668,0.0006668
204,3254.91,0.39305,0.25081,0.82911,0.99945,1,0.995,0.91808,0.42316,0.23794,0.81494,0.0006602,0.0006602,0.0006602
205,3270.81,0.39618,0.24067,0.84078,0.99945,1,0.995,0.91828,0.42164,0.24495,0.81578,0.0006536,0.0006536,0.0006536
206,3286.78,0.41518,0.25594,0.84518,0.99944,1,0.995,0.91622,0.40976,0.24212,0.81671,0.000647,0.000647,0.000647
207,3302.82,0.39606,0.25003,0.82974,0.99945,1,0.995,0.91835,0.40974,0.23837,0.81672,0.0006404,0.0006404,0.0006404
208,3318.81,0.41503,0.24622,0.84262,0.99945,1,0.995,0.92486,0.42007,0.2359,0.81748,0.0006338,0.0006338,0.0006338
209,3334.62,0.3948,0.24142,0.83562,0.99945,1,0.995,0.9239,0.41199,0.23075,0.81608,0.0006272,0.0006272,0.0006272
210,3350.63,0.39248,0.24638,0.8313,0.99944,1,0.995,0.92424,0.39975,0.23389,0.81544,0.0006206,0.0006206,0.0006206
211,3366.58,0.38431,0.24707,0.83537,0.99945,1,0.995,0.92417,0.40201,0.22649,0.81645,0.000614,0.000614,0.000614
212,3382.52,0.40906,0.2535,0.83552,0.99943,1,0.995,0.91673,0.41295,0.2332,0.81657,0.0006074,0.0006074,0.0006074
213,3398.38,0.3727,0.24619,0.8232,0.99945,1,0.995,0.91909,0.42316,0.23589,0.81871,0.0006008,0.0006008,0.0006008
214,3414.37,0.39517,0.24295,0.83415,0.99944,1,0.995,0.92274,0.42686,0.23624,0.82186,0.0005942,0.0005942,0.0005942
215,3430.38,0.37537,0.23584,0.82996,0.99942,1,0.995,0.92331,0.41489,0.2306,0.81949,0.0005876,0.0005876,0.0005876
216,3446.36,0.39142,0.24768,0.83793,0.99945,1,0.995,0.92989,0.40925,0.21935,0.8183,0.000581,0.000581,0.000581
217,3462.16,0.37012,0.23491,0.81423,0.99942,1,0.995,0.91537,0.42005,0.22473,0.81847,0.0005744,0.0005744,0.0005744
218,3478.05,0.38924,0.24604,0.82645,0.99944,1,0.995,0.92774,0.40549,0.20944,0.81731,0.0005678,0.0005678,0.0005678
219,3493.96,0.37843,0.23137,0.82065,0.99946,1,0.995,0.92702,0.40933,0.21346,0.81671,0.0005612,0.0005612,0.0005612
220,3510,0.38801,0.23994,0.82619,0.99946,1,0.995,0.9257,0.41036,0.23199,0.81723,0.0005546,0.0005546,0.0005546
221,3525.94,0.40123,0.23933,0.83237,0.99944,1,0.995,0.92594,0.39849,0.2332,0.81558,0.000548,0.000548,0.000548
222,3541.95,0.36743,0.23183,0.83506,0.99945,1,0.995,0.92554,0.4019,0.23185,0.81457,0.0005414,0.0005414,0.0005414
223,3557.94,0.38831,0.24105,0.82349,0.9994,1,0.995,0.92546,0.40189,0.23659,0.81544,0.0005348,0.0005348,0.0005348
224,3573.81,0.40046,0.2501,0.83969,0.99931,1,0.995,0.92223,0.41269,0.23699,0.81912,0.0005282,0.0005282,0.0005282
225,3589.69,0.39769,0.24431,0.83104,0.99944,1,0.995,0.9219,0.41838,0.23218,0.81967,0.0005216,0.0005216,0.0005216
226,3605.67,0.38373,0.24432,0.83806,0.99945,1,0.995,0.92604,0.41922,0.22624,0.81914,0.000515,0.000515,0.000515
227,3621.6,0.38461,0.2396,0.82427,0.99942,1,0.995,0.91921,0.42087,0.22466,0.81899,0.0005084,0.0005084,0.0005084
228,3637.58,0.37961,0.23282,0.83296,0.99939,1,0.995,0.92903,0.42152,0.23464,0.81789,0.0005018,0.0005018,0.0005018
229,3653.5,0.37912,0.2346,0.84192,0.99941,1,0.995,0.92734,0.41286,0.22615,0.81677,0.0004952,0.0004952,0.0004952
230,3669.46,0.37569,0.23323,0.82958,0.99945,1,0.995,0.92725,0.39916,0.21452,0.81568,0.0004886,0.0004886,0.0004886
231,3685.49,0.38166,0.2354,0.83899,0.99945,1,0.995,0.92892,0.40433,0.21959,0.81452,0.000482,0.000482,0.000482
232,3701.39,0.38809,0.24499,0.83598,0.99946,1,0.995,0.92899,0.40015,0.21831,0.81375,0.0004754,0.0004754,0.0004754
233,3717.3,0.36208,0.23138,0.82173,1,1,0.995,0.93133,0.40492,0.21285,0.81313,0.0004688,0.0004688,0.0004688
234,3733.3,0.39304,0.23972,0.84336,0.99946,1,0.995,0.91637,0.4214,0.22553,0.81708,0.0004622,0.0004622,0.0004622
235,3749.2,0.38662,0.24174,0.82953,0.99946,1,0.995,0.91741,0.41794,0.23496,0.81801,0.0004556,0.0004556,0.0004556
236,3765.21,0.38186,0.23088,0.83333,0.99945,1,0.995,0.92422,0.42164,0.22226,0.8189,0.000449,0.000449,0.000449
237,3781.14,0.38198,0.23427,0.83177,0.99946,1,0.995,0.92016,0.41429,0.22946,0.81731,0.0004424,0.0004424,0.0004424
238,3797.14,0.37588,0.22569,0.82114,0.99945,1,0.995,0.92772,0.41587,0.22454,0.81785,0.0004358,0.0004358,0.0004358
239,3813.1,0.38806,0.23177,0.82995,0.99945,1,0.995,0.92182,0.40398,0.21698,0.81663,0.0004292,0.0004292,0.0004292
240,3829.04,0.3948,0.24369,0.82988,0.99946,1,0.995,0.91624,0.39568,0.20788,0.81657,0.0004226,0.0004226,0.0004226
241,3845.01,0.38798,0.24257,0.8382,0.99945,1,0.995,0.92387,0.40538,0.2148,0.81676,0.000416,0.000416,0.000416
242,3860.99,0.39322,0.2354,0.83415,0.99944,1,0.995,0.91758,0.42053,0.22397,0.8192,0.0004094,0.0004094,0.0004094
243,3876.94,0.37159,0.23797,0.82691,0.99943,1,0.995,0.9236,0.41073,0.2243,0.81802,0.0004028,0.0004028,0.0004028
244,3892.87,0.39008,0.24394,0.83505,0.99945,1,0.995,0.92884,0.41708,0.22543,0.81841,0.0003962,0.0003962,0.0003962
245,3908.83,0.36549,0.22385,0.81835,0.99946,1,0.995,0.92517,0.39976,0.22308,0.81709,0.0003896,0.0003896,0.0003896
246,3924.78,0.38915,0.22753,0.84314,0.99945,1,0.995,0.92577,0.39058,0.22116,0.81611,0.000383,0.000383,0.000383
247,3940.76,0.38526,0.24397,0.82687,0.99944,1,0.995,0.92482,0.38618,0.2211,0.81495,0.0003764,0.0003764,0.0003764
248,3956.78,0.3645,0.23181,0.82958,0.99945,1,0.995,0.92742,0.39097,0.21691,0.81302,0.0003698,0.0003698,0.0003698
249,3972.69,0.37179,0.22714,0.829,0.99946,1,0.995,0.92508,0.39796,0.21606,0.81542,0.0003632,0.0003632,0.0003632
250,3988.6,0.38711,0.23674,0.82873,1,1,0.995,0.92988,0.40173,0.21349,0.81634,0.0003566,0.0003566,0.0003566
251,4004.5,0.36795,0.22104,0.82857,1,1,0.995,0.92881,0.39593,0.20656,0.81542,0.00035,0.00035,0.00035
252,4020.48,0.35811,0.23169,0.82537,1,1,0.995,0.92463,0.40621,0.21055,0.8161,0.0003434,0.0003434,0.0003434
253,4036.37,0.36395,0.21649,0.8249,1,1,0.995,0.92211,0.41137,0.2228,0.81733,0.0003368,0.0003368,0.0003368
254,4052.29,0.38097,0.23632,0.83736,0.99944,1,0.995,0.92573,0.40182,0.22573,0.81621,0.0003302,0.0003302,0.0003302
255,4068.22,0.37,0.22829,0.83035,0.99946,1,0.995,0.9272,0.41783,0.22794,0.81679,0.0003236,0.0003236,0.0003236
256,4084.18,0.36986,0.22393,0.81218,0.99947,1,0.995,0.91861,0.41623,0.22704,0.81515,0.000317,0.000317,0.000317
257,4100.15,0.36239,0.22167,0.81799,0.99946,1,0.995,0.92197,0.41367,0.21437,0.81434,0.0003104,0.0003104,0.0003104
258,4116.03,0.3827,0.22688,0.81849,0.99945,1,0.995,0.92528,0.41412,0.21367,0.81517,0.0003038,0.0003038,0.0003038
259,4131.98,0.36489,0.22138,0.83137,0.99945,1,0.995,0.92007,0.40241,0.21122,0.81599,0.0002972,0.0002972,0.0002972
260,4147.92,0.36634,0.22197,0.83038,0.99946,1,0.995,0.92088,0.40342,0.20871,0.81622,0.0002906,0.0002906,0.0002906
261,4163.74,0.36111,0.21844,0.83045,0.99946,1,0.995,0.92759,0.40507,0.20913,0.816,0.000284,0.000284,0.000284
262,4179.73,0.37022,0.21546,0.8223,0.99946,1,0.995,0.91941,0.40957,0.21473,0.8179,0.0002774,0.0002774,0.0002774
263,4195.69,0.38279,0.2249,0.84185,0.99947,1,0.995,0.91815,0.40258,0.21698,0.81774,0.0002708,0.0002708,0.0002708
264,4211.59,0.37412,0.22346,0.82761,0.99946,1,0.995,0.9252,0.40639,0.22109,0.81771,0.0002642,0.0002642,0.0002642
265,4227.49,0.36555,0.22207,0.82981,0.99946,1,0.995,0.92165,0.40948,0.21723,0.81698,0.0002576,0.0002576,0.0002576
266,4243.45,0.36618,0.22567,0.82976,0.99946,1,0.995,0.92811,0.40925,0.20995,0.81665,0.000251,0.000251,0.000251
267,4259.29,0.3724,0.22089,0.82768,0.99946,1,0.995,0.92622,0.41037,0.20962,0.81677,0.0002444,0.0002444,0.0002444
268,4275.24,0.3625,0.21941,0.82967,1,1,0.995,0.92983,0.40743,0.20531,0.81534,0.0002378,0.0002378,0.0002378
269,4291.13,0.34909,0.2148,0.82658,1,1,0.995,0.92756,0.4081,0.20589,0.81587,0.0002312,0.0002312,0.0002312
270,4307.16,0.34574,0.20661,0.82289,1,1,0.995,0.93124,0.39898,0.20606,0.81494,0.0002246,0.0002246,0.0002246
271,4323.07,0.37438,0.22443,0.83716,1,1,0.995,0.924,0.39215,0.20989,0.81316,0.000218,0.000218,0.000218
272,4339.07,0.35925,0.22121,0.83237,1,1,0.995,0.9253,0.4027,0.21274,0.81472,0.0002114,0.0002114,0.0002114
273,4354.99,0.35735,0.21601,0.83487,1,1,0.995,0.92949,0.40385,0.21221,0.81482,0.0002048,0.0002048,0.0002048
274,4370.94,0.36343,0.21593,0.82686,1,1,0.995,0.92879,0.4007,0.20438,0.81463,0.0001982,0.0001982,0.0001982
275,4386.93,0.34209,0.20637,0.82555,0.99946,1,0.995,0.92429,0.40901,0.20778,0.81643,0.0001916,0.0001916,0.0001916
276,4402.94,0.37543,0.21591,0.83046,0.99946,1,0.995,0.92818,0.40634,0.21297,0.81598,0.000185,0.000185,0.000185
277,4418.86,0.35781,0.21502,0.82594,0.99946,1,0.995,0.93041,0.40856,0.21682,0.81466,0.0001784,0.0001784,0.0001784
278,4434.77,0.37211,0.2241,0.82618,0.99947,1,0.995,0.92467,0.40907,0.20912,0.81553,0.0001718,0.0001718,0.0001718
279,4450.73,0.35998,0.21215,0.83008,0.99946,1,0.995,0.93082,0.40488,0.20422,0.81519,0.0001652,0.0001652,0.0001652
280,4466.75,0.34855,0.20975,0.81109,0.99946,1,0.995,0.92401,0.40643,0.20466,0.81515,0.0001586,0.0001586,0.0001586
281,4482.7,0.37661,0.22452,0.8384,0.99947,1,0.995,0.92382,0.40207,0.20425,0.81522,0.000152,0.000152,0.000152
